{"state_metrics": {"count": {"fulfilled": 154, "stale": 167, "pending": 73, "sum": 394}, "ratio": {"fulfilled": 0.39086294416243655, "stale": 0.42385786802030456, "pending": 0.18527918781725888}}, "llm_classification_metrics": {"count": {"good": 0, "average": 33, "bad": 121, "sum": 154}, "ratio": {"good": 0, "average": 0.21428571428571427, "bad": 0.7857142857142857}}, "cosine_similarity_metrics": {"count": {"[0.0, 0.8)": 69, "[0.8, 0.9)": 76, "[0.9, 1.0)": 9}, "ratio": {"[0.0, 0.8)": 0.4480519481, "[0.8, 0.9)": 0.4935064935, "[0.9, 1.0)": 0.0584415584}}, "levenshtein_similarity_metrics": {"count": {"[0.0, 0.33)": 145, "[0.33, 0.66)": 9, "[0.66, 1.0)": 0}, "ratio": {"[0.0, 0.33)": 0.9415584416, "[0.33, 0.66)": 0.0584415584, "[0.66, 1.0)": 0.0}}, "generated_at": "2024-05-15T16:48:31.680828"}