{"state_metrics": {"count": {"fulfilled": 115, "stale": 68, "pending": 20, "sum": 203}, "ratio": {"fulfilled": 0.5665024630541872, "stale": 0.33497536945812806, "pending": 0.09852216748768473}}, "llm_classification_metrics": {"count": {"good": 2, "average": 30, "bad": 83, "sum": 115}, "ratio": {"good": 0.017391304347826087, "average": 0.2608695652173913, "bad": 0.7217391304347827}}, "cosine_similarity_metrics": {"count": {"[0.0, 0.8)": 51, "[0.8, 0.9)": 61, "[0.9, 1.0)": 2}, "ratio": {"[0.0, 0.8)": 0.4473684211, "[0.8, 0.9)": 0.5350877193, "[0.9, 1.0)": 0.0175438596}}, "levenshtein_similarity_metrics": {"count": {"[0.0, 0.33)": 112, "[0.33, 0.66)": 2, "[0.66, 1.0)": 0}, "ratio": {"[0.0, 0.33)": 0.9824561404, "[0.33, 0.66)": 0.0175438596, "[0.66, 1.0)": 0.0}}, "generated_at": "2024-05-15T16:48:31.930311"}