{"state_metrics": {"count": {"fulfilled": 116, "stale": 129, "pending": 57, "sum": 302}, "ratio": {"fulfilled": 0.3841059602649007, "stale": 0.4271523178807947, "pending": 0.18874172185430463}}, "llm_classification_metrics": {"count": {"good": 6, "average": 28, "bad": 82, "sum": 116}, "ratio": {"good": 0.05172413793103448, "average": 0.2413793103448276, "bad": 0.7068965517241379}}, "cosine_similarity_metrics": {"count": {"[0.0, 0.8)": 55, "[0.8, 0.9)": 51, "[0.9, 1.0)": 8}, "ratio": {"[0.0, 0.8)": 0.4824561404, "[0.8, 0.9)": 0.4473684211, "[0.9, 1.0)": 0.0701754386}}, "levenshtein_similarity_metrics": {"count": {"[0.0, 0.33)": 106, "[0.33, 0.66)": 4, "[0.66, 1.0)": 3}, "ratio": {"[0.0, 0.33)": 0.9380530973, "[0.33, 0.66)": 0.0353982301, "[0.66, 1.0)": 0.0265486726}}, "generated_at": "2024-05-15T16:48:31.442840"}