{"state_metrics": {"count": {"fulfilled": 256, "stale": 391, "pending": 73, "sum": 720}, "ratio": {"fulfilled": 0.35555555555555557, "stale": 0.5430555555555555, "pending": 0.10138888888888889}}, "llm_classification_metrics": {"count": {"good": 0, "average": 0, "bad": 0, "sum": 256}, "ratio": {"good": 0, "average": 0, "bad": 0}}, "cosine_similarity_metrics": {"count": {"[0.0, 0.8)": 0, "[0.8, 0.9)": 0, "[0.9, 1.0)": 0}, "ratio": {"[0.0, 0.8)": 0, "[0.8, 0.9)": 0, "[0.9, 1.0)": 0}}, "levenshtein_similarity_metrics": {"count": {"[0.0, 0.33)": 248, "[0.33, 0.66)": 5, "[0.66, 1.0)": 1}, "ratio": {"[0.0, 0.33)": 0.9763779528, "[0.33, 0.66)": 0.0196850394, "[0.66, 1.0)": 0.0039370079}}, "generated_at": "2024-05-15T16:48:28.681610"}