{"state_metrics": {"count": {"fulfilled": 132, "stale": 118, "pending": 26, "sum": 276}, "ratio": {"fulfilled": 0.4782608695652174, "stale": 0.427536231884058, "pending": 0.09420289855072464}}, "llm_classification_metrics": {"count": {"good": 7, "average": 32, "bad": 93, "sum": 132}, "ratio": {"good": 0.05303030303030303, "average": 0.24242424242424243, "bad": 0.7045454545454546}}, "cosine_similarity_metrics": {"count": {"[0.0, 0.8)": 58, "[0.8, 0.9)": 63, "[0.9, 1.0)": 8}, "ratio": {"[0.0, 0.8)": 0.4496124031, "[0.8, 0.9)": 0.488372093, "[0.9, 1.0)": 0.0620155039}}, "levenshtein_similarity_metrics": {"count": {"[0.0, 0.33)": 121, "[0.33, 0.66)": 4, "[0.66, 1.0)": 0}, "ratio": {"[0.0, 0.33)": 0.968, "[0.33, 0.66)": 0.032, "[0.66, 1.0)": 0.0}}, "generated_at": "2024-05-15T16:48:32.145150"}