{"state_metrics": {"count": {"fulfilled": 26, "stale": 79, "pending": 71, "sum": 176}, "ratio": {"fulfilled": 0.14772727272727273, "stale": 0.44886363636363635, "pending": 0.4034090909090909}}, "llm_classification_metrics": {"count": {"good": 0, "average": 13, "bad": 13, "sum": 26}, "ratio": {"good": 0, "average": 0.5, "bad": 0.5}}, "cosine_similarity_metrics": {"count": {"[0.0, 0.8)": 4, "[0.8, 0.9)": 19, "[0.9, 1.0)": 3}, "ratio": {"[0.0, 0.8)": 0.1538461538, "[0.8, 0.9)": 0.7307692308, "[0.9, 1.0)": 0.1153846154}}, "levenshtein_similarity_metrics": {"count": {"[0.0, 0.33)": 26, "[0.33, 0.66)": 0, "[0.66, 1.0)": 0}, "ratio": {"[0.0, 0.33)": 1.0, "[0.33, 0.66)": 0.0, "[0.66, 1.0)": 0.0}}, "generated_at": "2024-05-15T16:48:33.025779"}