{"state_metrics": {"count": {"fulfilled": 221, "stale": 447, "pending": 68, "sum": 736}, "ratio": {"fulfilled": 0.30027173913043476, "stale": 0.6073369565217391, "pending": 0.09239130434782608}}, "llm_classification_metrics": {"count": {"good": 0, "average": 0, "bad": 0, "sum": 221}, "ratio": {"good": 0, "average": 0, "bad": 0}}, "cosine_similarity_metrics": {"count": {"[0.0, 0.8)": 0, "[0.8, 0.9)": 0, "[0.9, 1.0)": 0}, "ratio": {"[0.0, 0.8)": 0, "[0.8, 0.9)": 0, "[0.9, 1.0)": 0}}, "levenshtein_similarity_metrics": {"count": {"[0.0, 0.33)": 215, "[0.33, 0.66)": 4, "[0.66, 1.0)": 0}, "ratio": {"[0.0, 0.33)": 0.9817351598, "[0.33, 0.66)": 0.0182648402, "[0.66, 1.0)": 0.0}}, "generated_at": "2024-05-15T16:48:28.910702"}