{"state_metrics": {"count": {"fulfilled": 139, "stale": 167, "pending": 39, "sum": 345}, "ratio": {"fulfilled": 0.4028985507246377, "stale": 0.48405797101449277, "pending": 0.11304347826086956}}, "llm_classification_metrics": {"count": {"good": 10, "average": 30, "bad": 99, "sum": 139}, "ratio": {"good": 0.07194244604316546, "average": 0.2158273381294964, "bad": 0.7122302158273381}}, "cosine_similarity_metrics": {"count": {"[0.0, 0.8)": 65, "[0.8, 0.9)": 60, "[0.9, 1.0)": 12}, "ratio": {"[0.0, 0.8)": 0.4744525547, "[0.8, 0.9)": 0.4379562044, "[0.9, 1.0)": 0.0875912409}}, "levenshtein_similarity_metrics": {"count": {"[0.0, 0.33)": 126, "[0.33, 0.66)": 3, "[0.66, 1.0)": 0}, "ratio": {"[0.0, 0.33)": 0.976744186, "[0.33, 0.66)": 0.023255814, "[0.66, 1.0)": 0.0}}, "generated_at": "2024-05-15T16:48:32.354679"}